<?xml version="1.0" encoding="UTF-8"?>
<!DOCTYPE mapper PUBLIC "-//mybatis.org//DTD Mapper 3.0//EN"
	"http://mybatis.org/dtd/mybatis-3-mapper.dtd">
	
<mapper namespace="Member">
	<insert id="registerMember" parameterType="member">
		INSERT INTO member VALUES(#{id}, #{password}, #{name}, #{address})
	</insert>
	
	<select id="showAllMember" resultType="member">
		SELECT * FROM member
	</select>
	
	<select id="findByIdMember" parameterType="string" resultType="member">
		SELECT * FROM member WHERE id=#{value}
	</select>
	
	<select id="login" parameterType="member" resultType="member">
		SELECT * FROM member WHERE id=#{id} AND password=#{password}
	</select>
	
	<update id="updateMember" parameterType="member">
		UPDATE member SET password=${password}, name=#{name}, address=#{address} WHERE id=#{id}
	</update>
	
	<select id="idExist" parameterType="string" resultType="string">
		SELECT id FROM member WHERE id=#{value}
	</select>
</mapper>